Species,1,2,3,4,5
CPRP,60.0444,,1115.5859,836.95,765.1921
CPRP,70.0651,,1161.28,864.2108,768.6046
CPRP,72.0808,,1280,871.46,771.4084
CPRP,74.06,,1280.33,956.2511,771.6079
CPRP,84.0808,,,960.5059,
CPRP,86.0964,,,960.76,
CPRP,87.0917,,,,
CPRP,88.0393,,,,
CPRP,100.0869,,,,
CPRP,101.1073,,,,
CPRP,102.055,,,,
CPRP,104.0528,,,,
CPRP,110.0713,,,,
CPRP,112.0869,,,,
CPRP,120.0808,,,,
CPRP,126.055,,,,
CPRP,126.0913,,,,
CPRP,129.1022,,,,
CPRP,130.0499,,,,
CPRP,138.0662,,,,
CPRP,148.0604,,,,
CPRP,199.119,,,,
CPRP,216.1455,,,,
CPRP,226.1299,,,,
CPRP,227.1139,,,,
CPRP,243.1339,,,,
CPRP,244.1404,,,,
CPRP,261.1445,,,,
CPRP,270.1561,,,,
CPRP,287.1826,,,,
CPRP,297.167,,,,
CPRP,298.151,,,,
CPRP,315.1775,,,,
CPRP,340.1867,,,,
CPRP,358.1973,,,,
CPRP,399.1987,,,,
CPRP,416.2252,,,,
CPRP,426.2096,,,,
CPRP,427.1936,,,,
CPRP,444.2201,,,,
CPRP,456.2201,,,,
CPRP,473.2467,,,,
CPRP,477.2456,,,,
CPRP,483.231,,,,
CPRP,484.215,,,,
CPRP,495.2562,,,,
CPRP,501.2416,,,,
CPRP,534.2671,,,,
CPRP,552.2776,,,,
CPRP,569.3042,,,,
CPRP,586.3307,,,,
CPRP,596.3151,,,,
CPRP,597.2991,,,,
CPRP,614.3257,,,,
CPRP,626.3257,,,,
CPRP,635.3148,,,,
CPRP,643.3522,,,,
CPRP,653.3253,,,,
CPRP,653.3365,,,,
CPRP,654.3206,,,,
CPRP,671.3471,,,,
CPRP,764.3573,,,,
CPRP,782.3679,,,,
CPRP,782.4268,,,,
CPRP,799.4533,,,,
CPRP,809.4377,,,,
CPRP,810.4217,,,,
CPRP,821.3788,,,,
CPRP,827.4482,,,,
CPRP,839.3894,,,,
CPRP,913.4672,,,,
CPRP,930.4938,,,,
CPRP,940.4781,,,,
CPRP,941.4622,,,,
CPRP,950.4214,,,,
CPRP,958.4887,,,,
CPRP,968.432,,,,
CPRP,970.4887,,,,
CPRP,987.5153,,,,
CPRP,997.4996,,,,
CPRP,998.4836,,,,
CPRP,1015.5102,,,,
CPRP,1097.4898,,,,
CPRP,1115.5004,,,,
CPRP,1126.5898,,,,
CPRP,1143.6164,,,,
CPRP,1153.6007,,,,
CPRP,1154.5113,,,,
CPRP,1154.5847,,,,
CPRP,1171.6113,,,,
CPRP,1172.5218,,,,
CPRP,1239.6739,,,,
CPRP,1256.7004,,,,
CPRP,1266.6848,,,,
CPRP,1267.6688,,,,
CPRP,1284.6953,,,,
CPRP,1310.6124,,,,
CPRP,1311.5964,,,,
CPRP,1328.623,,,,
CPRP,1352.7579,,,,
CPRP,1369.7845,,,,
CPRP,1379.7688,,,,
CPRP,1380.7529,,,,
CPRP,1397.7794,,,,
CPRP,1423.6965,,,,
CPRP,1423.7951,,,,
CPRP,1424.6805,,,,
CPRP,1440.8216,,,,
CPRP,1441.707,,,,
CPRP,1450.806,,,,
CPRP,1451.79,,,,
CPRP,1468.8165,,,,
CPRP,1510.8271,,,,
CPRP,1520.7492,,,,
CPRP,1521.7332,,,,
CPRP,1527.8536,,,,
CPRP,1537.838,,,,
CPRP,1538.7598,,,,
CPRP,1538.822,,,,
CPRP,1555.8486,,,,
CPRP,1621.7969,,,,
CPRP,1622.7809,,,,
CPRP,1623.9112,,,,
CPRP,1639.8075,,,,
CPRP,1640.9377,,,,
CPRP,1650.9221,,,,
CPRP,1651.9061,,,,
CPRP,1668.9326,,,,
CPRP,1720.8653,,,,
CPRP,1721.8493,,,,
CPRP,1738.8759,,,,
CPRP,1752.0061,,,,
CPRP,1769.0327,,,,
CPRP,1779.017,,,,
CPRP,1780.001,,,,
CPRP,1797.0276,,,,
CPRP,1821.913,,,,
CPRP,1822.897,,,,
CPRP,1839.0381,,,,
CPRP,1839.9236,,,,
CPRP,1856.0647,,,,
CPRP,1866.049,,,,
CPRP,1867.0331,,,,
CPRP,1884.0596,,,,
CPRP,1936.9399,,,,
CPRP,1937.9239,,,,
CPRP,1954.0651,,,,
CPRP,1954.9505,,,,
CPRP,1971.0916,,,,
CPRP,1981.076,,,,
CPRP,1982.06,,,,
CPRP,1999.0866,,,,
CPRP,2023.972,,,,
CPRP,2024.956,,,,
CPRP,2041.9825,,,,
CPRP,2055.1128,,,,
CPRP,2072.1393,,,,
CPRP,2082.1237,,,,
CPRP,2083.1077,,,,
CPRP,2100.1342,,,,
CPRP,2152.0669,,,,
CPRP,2153.0509,,,,
CPRP,2154.1812,,,,
CPRP,2170.0775,,,,
CPRP,2171.2077,,,,
CPRP,2181.1921,,,,
CPRP,2182.1761,,,,
CPRP,2199.2026,,,,
CPRP,2255.2289,,,,
CPRP,2265.151,,,,
CPRP,2266.135,,,,
CPRP,2272.2554,,,,
CPRP,2282.2398,,,,
CPRP,2283.1616,,,,
CPRP,2283.2238,,,,
CPRP,2300.2503,,,,
CPRP,2352.183,,,,
CPRP,2352.2816,,,,
CPRP,2353.167,,,,
CPRP,2369.3082,,,,
CPRP,2370.1936,,,,
CPRP,2379.2925,,,,
CPRP,2380.2765,,,,
CPRP,2397.3031,,,,
CPRP,2423.2201,,,,
CPRP,2424.2041,,,,
CPRP,2441.2307,,,,
CPRP,2465.3657,,,,
CPRP,2482.3922,,,,
CPRP,2492.3766,,,,
CPRP,2493.3606,,,,
CPRP,2510.3872,,,,
CPRP,2536.3042,,,,
CPRP,2537.2882,,,,
CPRP,2554.3148,,,,
CPRP,2621.4668,,,,
CPRP,2638.4933,,,,
CPRP,2648.4777,,,,
CPRP,2649.3883,,,,
CPRP,2649.4617,,,,
CPRP,2650.3723,,,,
CPRP,2666.4883,,,,
CPRP,2667.3988,,,,
CPRP,2678.4883,,,,
CPRP,2695.5148,,,,
CPRP,2705.4992,,,,
CPRP,2706.4832,,,,
CPRP,2723.5097,,,,
CPRP,2805.4894,,,,
CPRP,2806.4734,,,,
CPRP,2823.4999,,,,
CPRP,2825.5567,,,,
CPRP,2842.5832,,,,
CPRP,2852.5676,,,,
CPRP,2853.5516,,,,
CPRP,2862.5108,,,,
CPRP,2863.4948,,,,
CPRP,2870.5781,,,,
CPRP,2880.5214,,,,
CPRP,2954.5993,,,,
CPRP,2971.6258,,,,
CPRP,2981.6102,,,,
CPRP,2982.5942,,,,
CPRP,2993.5513,,,,
CPRP,2994.5353,,,,
CPRP,2999.6207,,,,
CPRP,3011.5619,,,,
CPRP,3011.6207,,,,
CPRP,3028.6473,,,,
CPRP,3038.6316,,,,
CPRP,3039.6156,,,,
CPRP,3056.6422,,,,
CPRP,3140.6633,,,,
CPRP,3149.6524,,,,
CPRP,3150.6364,,,,
CPRP,3157.6899,,,,
CPRP,3167.663,,,,
CPRP,3167.6742,,,,
CPRP,3168.6582,,,,
CPRP,3185.6848,,,,
CPRP,3206.6739,,,,
CPRP,3207.6579,,,,
CPRP,3224.6845,,,,
CPRP,3241.711,,,,
CPRP,3258.7376,,,,
CPRP,3268.7219,,,,
CPRP,3269.7059,,,,
CPRP,3286.7325,,,,
CPRP,3298.7325,,,,
CPRP,3315.759,,,,
CPRP,3319.758,,,,
CPRP,3320.742,,,,
CPRP,3325.7434,,,,
CPRP,3326.7274,,,,
CPRP,3337.7685,,,,
CPRP,3343.7539,,,,
CPRP,3376.7794,,,,
CPRP,3377.7634,,,,
CPRP,3394.79,,,,
CPRP,3435.7914,,,,
CPRP,3452.8179,,,,
CPRP,3462.8023,,,,
CPRP,3463.7863,,,,
CPRP,3480.8128,,,,
CPRP,3505.822,,,,
CPRP,3506.806,,,,
CPRP,3523.8326,,,,
CPRP,3532.8441,,,,
CPRP,3549.8707,,,,
CPRP,3559.855,,,,
CPRP,3560.8391,,,,
CPRP,3576.8591,,,,
CPRP,3577.8431,,,,
CPRP,3577.8656,,,,
CPRP,3594.8697,,,,
CPRP,3595.8762,,,,
CPRP,3645.9282,,,,
CPRP,3662.9548,,,,
CPRP,3663.8912,,,,
CPRP,3664.8752,,,,
CPRP,3672.9391,,,,
CPRP,3673.9231,,,,
CPRP,3681.9017,,,,
CPRP,3690.9497,,,,
CPRP,3708.9602,,,,
CPRP,3819.9923,,,,
CPRP,3820.9763,,,,
CPRP,3838.0028,,,,
CPRP,929.4622,,,,
CPRP,946.4887,,,,
CPRP,956.4731,,,,
CPRP,957.4571,,,,
CPRP,974.4836,,,,
CPRP,986.4836,,,,
CPRP,1003.5102,,,,
CPRP,1013.4945,,,,
CPRP,1014.4785,,,,
CPRP,1031.5051,,,,
CPRP,1142.5847,,,,
CPRP,1159.6113,,,,
CPRP,1169.5956,,,,
CPRP,1170.5797,,,,
CPRP,1187.6062,,,,
CPRP,1255.6688,,,,
CPRP,1272.6953,,,,
CPRP,1282.6797,,,,
CPRP,1283.6637,,,,
CPRP,1300.6903,,,,
CPRP,1368.7529,,,,
CPRP,1385.7794,,,,
CPRP,1395.7638,,,,
CPRP,1396.7478,,,,
CPRP,1413.7743,,,,
CPRP,1439.79,,,,
CPRP,1456.8165,,,,
CPRP,1466.8009,,,,
CPRP,1467.7849,,,,
CPRP,1484.8114,,,,
CPRP,1526.822,,,,
CPRP,1543.8486,,,,
CPRP,1553.8329,,,,
CPRP,1554.8169,,,,
CPRP,1571.8435,,,,
CPRP,1639.9061,,,,
CPRP,1656.9326,,,,
CPRP,1666.917,,,,
CPRP,1667.901,,,,
CPRP,1684.9275,,,,
CPRP,1768.001,,,,
CPRP,1785.0276,,,,
CPRP,1795.0119,,,,
CPRP,1795.9959,,,,
CPRP,1813.0225,,,,
CPRP,1855.0331,,,,
CPRP,1872.0596,,,,
CPRP,1882.044,,,,
CPRP,1883.028,,,,
CPRP,1900.0545,,,,
CPRP,1970.06,,,,
CPRP,1987.0866,,,,
CPRP,1997.0709,,,,
CPRP,1998.0549,,,,
CPRP,2015.0815,,,,
CPRP,2071.1077,,,,
CPRP,2088.1342,,,,
CPRP,2098.1186,,,,
CPRP,2099.1026,,,,
CPRP,2116.1291,,,,
CPRP,2170.1761,,,,
CPRP,2187.2026,,,,
CPRP,2197.187,,,,
CPRP,2198.171,,,,
CPRP,2215.1976,,,,
CPRP,2271.2238,,,,
CPRP,2288.2503,,,,
CPRP,2298.2347,,,,
CPRP,2299.2187,,,,
CPRP,2316.2452,,,,
CPRP,2368.2765,,,,
CPRP,2385.3031,,,,
CPRP,2395.2874,,,,
CPRP,2396.2715,,,,
CPRP,2413.298,,,,
CPRP,2481.3606,,,,
CPRP,2498.3872,,,,
CPRP,2508.3715,,,,
CPRP,2509.3555,,,,
CPRP,2526.3821,,,,
CPRP,2637.4617,,,,
CPRP,2654.4883,,,,
CPRP,2664.4726,,,,
CPRP,2665.4566,,,,
CPRP,2682.4832,,,,
CPRP,2694.4832,,,,
CPRP,2711.5097,,,,
CPRP,2721.4941,,,,
CPRP,2722.4781,,,,
CPRP,2739.5046,,,,
CPRP,2841.5516,,,,
CPRP,2858.5781,,,,
CPRP,2868.5625,,,,
CPRP,2869.5465,,,,
CPRP,2886.5731,,,,
CPRP,2970.5942,,,,
CPRP,2987.6207,,,,
CPRP,2997.6051,,,,
CPRP,2998.5891,,,,
CPRP,3009.5462,,,,
CPRP,3010.5302,,,,
CPRP,3015.6156,,,,
CPRP,3027.5568,,,,
CPRP,3027.6156,,,,
CPRP,3044.6422,,,,
CPRP,3054.6265,,,,
CPRP,3055.6106,,,,
CPRP,3072.6371,,,,
CPRP,3156.6582,,,,
CPRP,3165.6473,,,,
CPRP,3166.6314,,,,
CPRP,3173.6848,,,,
CPRP,3183.6579,,,,
CPRP,3183.6691,,,,
CPRP,3184.6532,,,,
CPRP,3201.6797,,,,
CPRP,3222.6688,,,,
CPRP,3223.6528,,,,
CPRP,3240.6794,,,,
CPRP,3257.7059,,,,
CPRP,3274.7325,,,,
CPRP,3284.7168,,,,
CPRP,3285.7008,,,,
CPRP,3302.7274,,,,
CPRP,3314.7274,,,,
CPRP,3331.7539,,,,
CPRP,3335.7529,,,,
CPRP,3336.7369,,,,
CPRP,3341.7383,,,,
CPRP,3342.7223,,,,
CPRP,3353.7634,,,,
CPRP,3359.7488,,,,
CPRP,3392.7743,,,,
CPRP,3393.7583,,,,
CPRP,3410.7849,,,,
CPRP,3451.7863,,,,
CPRP,3468.8128,,,,
CPRP,3478.7972,,,,
CPRP,3479.7812,,,,
CPRP,3496.8078,,,,
CPRP,3521.8169,,,,
CPRP,3522.8009,,,,
CPRP,3539.8275,,,,
CPRP,3548.8391,,,,
CPRP,3565.8656,,,,
CPRP,3575.85,,,,
CPRP,3576.834,,,,
CPRP,3592.854,,,,
CPRP,3593.8381,,,,
CPRP,3593.8605,,,,
CPRP,3610.8646,,,,
CPRP,3611.8711,,,,
CPRP,3661.9231,,,,
CPRP,3678.9497,,,,
CPRP,3679.8861,,,,
CPRP,3680.8701,,,,
CPRP,3688.934,,,,
CPRP,3689.918,,,,
CPRP,3697.8966,,,,
CPRP,3706.9446,,,,
CPRP,3724.9552,,,,
CPRP,3835.9872,,,,
CPRP,3836.9712,,,,
CPRP,3853.9977,,,,
SG-CHH-pyro-Q,84.0444,,,,
SG-CHH-pyro-Q,87.0553,,,,
SG-CHH-pyro-Q,101.0709,,,,
SG-CHH-pyro-Q,117.1022,,,,
SG-CHH-pyro-Q,129.0659,,,,
SG-CHH-pyro-Q,136.0757,,,,
SG-CHH-pyro-Q,180.1019,,,,
SG-CHH-pyro-Q,197.1285,,,,
SG-CHH-pyro-Q,208.0968,,,,
SG-CHH-pyro-Q,216.1707,,,,
SG-CHH-pyro-Q,225.1234,,,,
SG-CHH-pyro-Q,327.2027,,,,
SG-CHH-pyro-Q,343.1652,,,,
SG-CHH-pyro-Q,344.2292,,,,
SG-CHH-pyro-Q,360.1918,,,,
SG-CHH-pyro-Q,371.1601,,,,
SG-CHH-pyro-Q,388.1867,,,,
SG-CHH-pyro-Q,440.2867,,,,
SG-CHH-pyro-Q,457.3133,,,,
SG-CHH-pyro-Q,458.1922,,,,
SG-CHH-pyro-Q,475.2187,,,,
SG-CHH-pyro-Q,485.2031,,,,
SG-CHH-pyro-Q,486.1871,,,,
SG-CHH-pyro-Q,503.2136,,,,
SG-CHH-pyro-Q,545.2242,,,,
SG-CHH-pyro-Q,562.2508,,,,
SG-CHH-pyro-Q,568.3817,,,,
SG-CHH-pyro-Q,572.2351,,,,
SG-CHH-pyro-Q,573.2191,,,,
SG-CHH-pyro-Q,585.4083,,,,
SG-CHH-pyro-Q,590.2457,,,,
SG-CHH-pyro-Q,632.2562,,,,
SG-CHH-pyro-Q,649.2828,,,,
SG-CHH-pyro-Q,659.2671,,,,
SG-CHH-pyro-Q,660.2511,,,,
SG-CHH-pyro-Q,677.2777,,,,
SG-CHH-pyro-Q,724.4828,,,,
SG-CHH-pyro-Q,735.2654,,,,
SG-CHH-pyro-Q,741.5094,,,,
SG-CHH-pyro-Q,752.292,,,,
SG-CHH-pyro-Q,762.2763,,,,
SG-CHH-pyro-Q,763.2603,,,,
SG-CHH-pyro-Q,780.2869,,,,
SG-CHH-pyro-Q,795.5199,,,,
SG-CHH-pyro-Q,812.5465,,,,
SG-CHH-pyro-Q,863.3604,,,,
SG-CHH-pyro-Q,880.3869,,,,
SG-CHH-pyro-Q,890.3713,,,,
SG-CHH-pyro-Q,891.3553,,,,
SG-CHH-pyro-Q,908.3818,,,,
SG-CHH-pyro-Q,920.3818,,,,
SG-CHH-pyro-Q,937.4084,,,,
SG-CHH-pyro-Q,947.3927,,,,
SG-CHH-pyro-Q,948.3768,,,,
SG-CHH-pyro-Q,958.5833,,,,
SG-CHH-pyro-Q,965.4033,,,,
SG-CHH-pyro-Q,975.6098,,,,
SG-CHH-pyro-Q,1019.4503,,,,
SG-CHH-pyro-Q,1036.4768,,,,
SG-CHH-pyro-Q,1046.4612,,,,
SG-CHH-pyro-Q,1047.4452,,,,
SG-CHH-pyro-Q,1064.4717,,,,
SG-CHH-pyro-Q,1086.6418,,,,
SG-CHH-pyro-Q,1087.6259,,,,
SG-CHH-pyro-Q,1104.6524,,,,
SG-CHH-pyro-Q,1182.5136,,,,
SG-CHH-pyro-Q,1199.5401,,,,
SG-CHH-pyro-Q,1209.5245,,,,
SG-CHH-pyro-Q,1210.5085,,,,
SG-CHH-pyro-Q,1215.6844,,,,
SG-CHH-pyro-Q,1216.6684,,,,
SG-CHH-pyro-Q,1227.5351,,,,
SG-CHH-pyro-Q,1233.695,,,,
SG-CHH-pyro-Q,1297.5405,,,,
SG-CHH-pyro-Q,1314.5671,,,,
SG-CHH-pyro-Q,1324.5514,,,,
SG-CHH-pyro-Q,1325.5354,,,,
SG-CHH-pyro-Q,1342.562,,,,
SG-CHH-pyro-Q,1362.7528,,,,
SG-CHH-pyro-Q,1363.7369,,,,
SG-CHH-pyro-Q,1380.7634,,,,
SG-CHH-pyro-Q,1453.6416,,,,
SG-CHH-pyro-Q,1470.6682,,,,
SG-CHH-pyro-Q,1476.7958,,,,
SG-CHH-pyro-Q,1477.7798,,,,
SG-CHH-pyro-Q,1480.6525,,,,
SG-CHH-pyro-Q,1481.6366,,,,
SG-CHH-pyro-Q,1494.8063,,,,
SG-CHH-pyro-Q,1498.6631,,,,
SG-CHH-pyro-Q,1524.6788,,,,
SG-CHH-pyro-Q,1541.7053,,,,
SG-CHH-pyro-Q,1551.6897,,,,
SG-CHH-pyro-Q,1552.6737,,,,
SG-CHH-pyro-Q,1569.7002,,,,
SG-CHH-pyro-Q,1591.8227,,,,
SG-CHH-pyro-Q,1592.8067,,,,
SG-CHH-pyro-Q,1609.8333,,,,
SG-CHH-pyro-Q,1637.7628,,,,
SG-CHH-pyro-Q,1654.7894,,,,
SG-CHH-pyro-Q,1664.7737,,,,
SG-CHH-pyro-Q,1665.7577,,,,
SG-CHH-pyro-Q,1682.7843,,,,
SG-CHH-pyro-Q,1722.8632,,,,
SG-CHH-pyro-Q,1723.8472,,,,
SG-CHH-pyro-Q,1740.8738,,,,
SG-CHH-pyro-Q,1784.8312,,,,
SG-CHH-pyro-Q,1801.8578,,,,
SG-CHH-pyro-Q,1811.8421,,,,
SG-CHH-pyro-Q,1812.8261,,,,
SG-CHH-pyro-Q,1829.8527,,,,
SG-CHH-pyro-Q,1835.9473,,,,
SG-CHH-pyro-Q,1836.9313,,,,
SG-CHH-pyro-Q,1853.9578,,,,
SG-CHH-pyro-Q,1898.8742,,,,
SG-CHH-pyro-Q,1915.9007,,,,
SG-CHH-pyro-Q,1925.8851,,,,
SG-CHH-pyro-Q,1926.8691,,,,
SG-CHH-pyro-Q,1943.8956,,,,
SG-CHH-pyro-Q,1949.0313,,,,
SG-CHH-pyro-Q,1950.0153,,,,
SG-CHH-pyro-Q,1967.0419,,,,
SG-CHH-pyro-Q,2027.9168,,,,
SG-CHH-pyro-Q,2044.9433,,,,
SG-CHH-pyro-Q,2054.9277,,,,
SG-CHH-pyro-Q,2055.9117,,,,
SG-CHH-pyro-Q,2062.1154,,,,
SG-CHH-pyro-Q,2063.0994,,,,
SG-CHH-pyro-Q,2072.9382,,,,
SG-CHH-pyro-Q,2080.126,,,,
SG-CHH-pyro-Q,2141.0008,,,,
SG-CHH-pyro-Q,2158.0274,,,,
SG-CHH-pyro-Q,2168.0117,,,,
SG-CHH-pyro-Q,2168.9957,,,,
SG-CHH-pyro-Q,2177.1423,,,,
SG-CHH-pyro-Q,2178.1264,,,,
SG-CHH-pyro-Q,2186.0223,,,,
SG-CHH-pyro-Q,2195.1529,,,,
SG-CHH-pyro-Q,2270.0434,,,,
SG-CHH-pyro-Q,2287.07,,,,
SG-CHH-pyro-Q,2297.0543,,,,
SG-CHH-pyro-Q,2298.0383,,,,
SG-CHH-pyro-Q,2306.1849,,,,
SG-CHH-pyro-Q,2307.1689,,,,
SG-CHH-pyro-Q,2315.0649,,,,
SG-CHH-pyro-Q,2324.1955,,,,
SG-CHH-pyro-Q,2407.1023,,,,
SG-CHH-pyro-Q,2424.1289,,,,
SG-CHH-pyro-Q,2434.1132,,,,
SG-CHH-pyro-Q,2435.0972,,,,
SG-CHH-pyro-Q,2437.2254,,,,
SG-CHH-pyro-Q,2438.2094,,,,
SG-CHH-pyro-Q,2452.1238,,,,
SG-CHH-pyro-Q,2455.236,,,,
SG-CHH-pyro-Q,2506.1707,,,,
SG-CHH-pyro-Q,2523.1973,,,,
SG-CHH-pyro-Q,2533.1816,,,,
SG-CHH-pyro-Q,2534.1657,,,,
SG-CHH-pyro-Q,2540.2346,,,,
SG-CHH-pyro-Q,2541.2186,,,,
SG-CHH-pyro-Q,2551.1922,,,,
SG-CHH-pyro-Q,2558.2452,,,,
SG-CHH-pyro-Q,2609.1799,,,,
SG-CHH-pyro-Q,2626.2065,,,,
SG-CHH-pyro-Q,2636.1908,,,,
SG-CHH-pyro-Q,2637.1748,,,,
SG-CHH-pyro-Q,2654.2014,,,,
SG-CHH-pyro-Q,2668.2932,,,,
SG-CHH-pyro-Q,2669.2772,,,,
SG-CHH-pyro-Q,2686.3037,,,,
SG-CHH-pyro-Q,2724.2069,,,,
SG-CHH-pyro-Q,2741.2334,,,,
SG-CHH-pyro-Q,2751.2178,,,,
SG-CHH-pyro-Q,2752.2018,,,,
SG-CHH-pyro-Q,2769.2283,,,,
SG-CHH-pyro-Q,2824.3943,,,,
SG-CHH-pyro-Q,2825.3783,,,,
SG-CHH-pyro-Q,2839.2338,,,,
SG-CHH-pyro-Q,2842.4049,,,,
SG-CHH-pyro-Q,2856.2604,,,,
SG-CHH-pyro-Q,2866.2447,,,,
SG-CHH-pyro-Q,2867.2287,,,,
SG-CHH-pyro-Q,2884.2553,,,,
SG-CHH-pyro-Q,2937.4784,,,,
SG-CHH-pyro-Q,2938.4624,,,,
SG-CHH-pyro-Q,2942.243,,,,
SG-CHH-pyro-Q,2955.4889,,,,
SG-CHH-pyro-Q,2959.2695,,,,
SG-CHH-pyro-Q,2969.2539,,,,
SG-CHH-pyro-Q,2970.2379,,,,
SG-CHH-pyro-Q,2987.2645,,,,
SG-CHH-pyro-Q,3036.5468,,,,
SG-CHH-pyro-Q,3037.5308,,,,
SG-CHH-pyro-Q,3054.5573,,,,
SG-CHH-pyro-Q,3105.3063,,,,
SG-CHH-pyro-Q,3122.3329,,,,
SG-CHH-pyro-Q,3132.3172,,,,
SG-CHH-pyro-Q,3133.3012,,,,
SG-CHH-pyro-Q,3150.3278,,,,
SG-CHH-pyro-Q,3167.5872,,,,
SG-CHH-pyro-Q,3168.5713,,,,
SG-CHH-pyro-Q,3185.5978,,,,
SG-CHH-pyro-Q,3219.3492,,,,
SG-CHH-pyro-Q,3236.3758,,,,
SG-CHH-pyro-Q,3246.3601,,,,
SG-CHH-pyro-Q,3247.3442,,,,
SG-CHH-pyro-Q,3264.3707,,,,
SG-CHH-pyro-Q,3281.6302,,,,
SG-CHH-pyro-Q,3282.6142,,,,
SG-CHH-pyro-Q,3299.6407,,,,
SG-CHH-pyro-Q,3332.4333,,,,
SG-CHH-pyro-Q,3349.4599,,,,
SG-CHH-pyro-Q,3359.4442,,,,
SG-CHH-pyro-Q,3360.4282,,,,
SG-CHH-pyro-Q,3368.6622,,,,
SG-CHH-pyro-Q,3369.6462,,,,
SG-CHH-pyro-Q,3377.4548,,,,
SG-CHH-pyro-Q,3386.6728,,,,
SG-CHH-pyro-Q,3495.4966,,,,
SG-CHH-pyro-Q,3512.5232,,,,
SG-CHH-pyro-Q,3522.5075,,,,
SG-CHH-pyro-Q,3523.4916,,,,
SG-CHH-pyro-Q,3531.7255,,,,
SG-CHH-pyro-Q,3532.7095,,,,
SG-CHH-pyro-Q,3540.5181,,,,
SG-CHH-pyro-Q,3549.7361,,,,
SG-CHH-pyro-Q,3634.7347,,,,
SG-CHH-pyro-Q,3635.7187,,,,
SG-CHH-pyro-Q,3651.5978,,,,
SG-CHH-pyro-Q,3652.7453,,,,
SG-CHH-pyro-Q,3668.6243,,,,
SG-CHH-pyro-Q,3678.6086,,,,
SG-CHH-pyro-Q,3679.5927,,,,
SG-CHH-pyro-Q,3696.6192,,,,
SG-CHH-pyro-Q,3748.7776,,,,
SG-CHH-pyro-Q,3749.7617,,,,
SG-CHH-pyro-Q,3765.6407,,,,
SG-CHH-pyro-Q,3766.7882,,,,
SG-CHH-pyro-Q,3782.6672,,,,
SG-CHH-pyro-Q,3792.6516,,,,
SG-CHH-pyro-Q,3793.6356,,,,
SG-CHH-pyro-Q,3810.6621,,,,
SG-CHH-pyro-Q,3835.8097,,,,
SG-CHH-pyro-Q,3836.7937,,,,
SG-CHH-pyro-Q,3852.6727,,,,
SG-CHH-pyro-Q,3853.8202,,,,
SG-CHH-pyro-Q,3869.6993,,,,
SG-CHH-pyro-Q,3879.6836,,,,
SG-CHH-pyro-Q,3880.6676,,,,
SG-CHH-pyro-Q,3897.6942,,,,
SG-CHH-pyro-Q,3991.9108,,,,
SG-CHH-pyro-Q,3992.8948,,,,
SG-CHH-pyro-Q,4008.7738,,,,
SG-CHH-pyro-Q,4009.9214,,,,
SG-CHH-pyro-Q,4025.8004,,,,
SG-CHH-pyro-Q,4035.7847,,,,
SG-CHH-pyro-Q,4036.7687,,,,
SG-CHH-pyro-Q,4053.7953,,,,
SG-CHH-pyro-Q,4094.92,,,,
SG-CHH-pyro-Q,4095.904,,,,
SG-CHH-pyro-Q,4107.8422,,,,
SG-CHH-pyro-Q,4112.9305,,,,
SG-CHH-pyro-Q,4124.8688,,,,
SG-CHH-pyro-Q,4134.8531,,,,
SG-CHH-pyro-Q,4135.8371,,,,
SG-CHH-pyro-Q,4151.9414,,,,
SG-CHH-pyro-Q,4152.8637,,,,
SG-CHH-pyro-Q,4152.9254,,,,
SG-CHH-pyro-Q,4169.952,,,,
SG-CHH-pyro-Q,4178.8793,,,,
SG-CHH-pyro-Q,4195.9059,,,,
SG-CHH-pyro-Q,4205.8902,,,,
SG-CHH-pyro-Q,4206.8743,,,,
SG-CHH-pyro-Q,4223.9008,,,,
SG-CHH-pyro-Q,4238.9735,,,,
SG-CHH-pyro-Q,4239.9575,,,,
SG-CHH-pyro-Q,4256.984,,,,
SG-CHH-pyro-Q,4265.9114,,,,
SG-CHH-pyro-Q,4282.9379,,,,
SG-CHH-pyro-Q,4292.9223,,,,
SG-CHH-pyro-Q,4293.9063,,,,
SG-CHH-pyro-Q,4310.0106,,,,
SG-CHH-pyro-Q,4310.9328,,,,
SG-CHH-pyro-Q,4310.9946,,,,
SG-CHH-pyro-Q,4322.9328,,,,
SG-CHH-pyro-Q,4328.0211,,,,
SG-CHH-pyro-Q,4339.9594,,,,
SG-CHH-pyro-Q,4349.9437,,,,
SG-CHH-pyro-Q,4350.9278,,,,
SG-CHH-pyro-Q,4367.9543,,,,
SG-CHH-pyro-Q,4409.079,,,,
SG-CHH-pyro-Q,4410.063,,,,
SG-CHH-pyro-Q,4425.942,,,,
SG-CHH-pyro-Q,4427.0896,,,,
SG-CHH-pyro-Q,4442.9686,,,,
SG-CHH-pyro-Q,4452.9529,,,,
SG-CHH-pyro-Q,4453.9369,,,,
SG-CHH-pyro-Q,4470.9635,,,,
SG-CHH-pyro-Q,4565.1801,,,,
SG-CHH-pyro-Q,4566.1641,,,,
SG-CHH-pyro-Q,4582.0431,,,,
SG-CHH-pyro-Q,4583.1907,,,,
SG-CHH-pyro-Q,4599.0697,,,,
SG-CHH-pyro-Q,4609.054,,,,
SG-CHH-pyro-Q,4610.038,,,,
SG-CHH-pyro-Q,4627.0646,,,,
SG-CHH-pyro-Q,4652.2121,,,,
SG-CHH-pyro-Q,4653.1961,,,,
SG-CHH-pyro-Q,4669.0752,,,,
SG-CHH-pyro-Q,4670.2227,,,,
SG-CHH-pyro-Q,4686.1017,,,,
SG-CHH-pyro-Q,4696.0861,,,,
SG-CHH-pyro-Q,4697.0701,,,,
SG-CHH-pyro-Q,4714.0966,,,,
SG-CHH-pyro-Q,4766.2551,,,,
SG-CHH-pyro-Q,4767.2391,,,,
SG-CHH-pyro-Q,4783.1181,,,,
SG-CHH-pyro-Q,4784.2656,,,,
SG-CHH-pyro-Q,4800.1446,,,,
SG-CHH-pyro-Q,4810.129,,,,
SG-CHH-pyro-Q,4811.113,,,,
SG-CHH-pyro-Q,4828.1396,,,,
SG-CHH-pyro-Q,4886.1273,,,,
SG-CHH-pyro-Q,4903.1538,,,,
SG-CHH-pyro-Q,4913.1382,,,,
SG-CHH-pyro-Q,4914.1222,,,,
SG-CHH-pyro-Q,4922.3562,,,,
SG-CHH-pyro-Q,4923.3402,,,,
SG-CHH-pyro-Q,4931.1487,,,,
SG-CHH-pyro-Q,4940.3667,,,,
SG-CHH-pyro-Q,5049.1906,,,,
SG-CHH-pyro-Q,5066.2172,,,,
SG-CHH-pyro-Q,5076.2015,,,,
SG-CHH-pyro-Q,5077.1855,,,,
SG-CHH-pyro-Q,5085.4195,,,,
SG-CHH-pyro-Q,5086.4035,,,,
SG-CHH-pyro-Q,5094.2121,,,,
SG-CHH-pyro-Q,5103.4301,,,,
SG-CHH-pyro-Q,5136.2226,,,,
SG-CHH-pyro-Q,5153.2492,,,,
SG-CHH-pyro-Q,5163.2335,,,,
SG-CHH-pyro-Q,5164.2175,,,,
SG-CHH-pyro-Q,5181.2441,,,,
SG-CHH-pyro-Q,5198.5036,,,,
SG-CHH-pyro-Q,5199.4876,,,,
SG-CHH-pyro-Q,5216.5141,,,,
SG-CHH-pyro-Q,5250.2656,,,,
SG-CHH-pyro-Q,5267.2921,,,,
SG-CHH-pyro-Q,5277.2765,,,,
SG-CHH-pyro-Q,5278.2605,,,,
SG-CHH-pyro-Q,5295.287,,,,
SG-CHH-pyro-Q,5312.5465,,,,
SG-CHH-pyro-Q,5313.5305,,,,
SG-CHH-pyro-Q,5330.5571,,,,
SG-CHH-pyro-Q,5381.306,,,,
SG-CHH-pyro-Q,5398.3326,,,,
SG-CHH-pyro-Q,5408.3169,,,,
SG-CHH-pyro-Q,5409.301,,,,
SG-CHH-pyro-Q,5426.3275,,,,
SG-CHH-pyro-Q,5475.6098,,,,
SG-CHH-pyro-Q,5476.5938,,,,
SG-CHH-pyro-Q,5480.3745,,,,
SG-CHH-pyro-Q,5493.6204,,,,
SG-CHH-pyro-Q,5497.401,,,,
SG-CHH-pyro-Q,5507.3854,,,,
SG-CHH-pyro-Q,5508.3694,,,,
SG-CHH-pyro-Q,5525.3959,,,,
SG-CHH-pyro-Q,5578.619,,,,
SG-CHH-pyro-Q,5579.603,,,,
SG-CHH-pyro-Q,5593.4585,,,,
SG-CHH-pyro-Q,5596.6296,,,,
SG-CHH-pyro-Q,5610.4851,,,,
SG-CHH-pyro-Q,5620.4694,,,,
SG-CHH-pyro-Q,5621.4534,,,,
SG-CHH-pyro-Q,5638.48,,,,
SG-CHH-pyro-Q,5693.6459,,,,
SG-CHH-pyro-Q,5694.63,,,,
SG-CHH-pyro-Q,5711.6565,,,,
SG-CHH-pyro-Q,5749.5596,,,,
SG-CHH-pyro-Q,5766.5862,,,,
SG-CHH-pyro-Q,5776.5705,,,,
SG-CHH-pyro-Q,5777.5545,,,,
SG-CHH-pyro-Q,5794.5811,,,,
SG-CHH-pyro-Q,5808.6729,,,,
SG-CHH-pyro-Q,5809.6569,,,,
SG-CHH-pyro-Q,5826.6835,,,,
SG-CHH-pyro-Q,5877.6182,,,,
SG-CHH-pyro-Q,5894.6448,,,,
SG-CHH-pyro-Q,5904.6291,,,,
SG-CHH-pyro-Q,5905.6131,,,,
SG-CHH-pyro-Q,5911.6821,,,,
SG-CHH-pyro-Q,5912.6661,,,,
SG-CHH-pyro-Q,5922.6397,,,,
SG-CHH-pyro-Q,5929.6926,,,,
SG-CHH-pyro-Q,5980.6274,,,,
SG-CHH-pyro-Q,5997.6539,,,,
SG-CHH-pyro-Q,6007.6383,,,,
SG-CHH-pyro-Q,6008.6223,,,,
SG-CHH-pyro-Q,6010.7505,,,,
SG-CHH-pyro-Q,6011.7345,,,,
SG-CHH-pyro-Q,6025.6489,,,,
SG-CHH-pyro-Q,6028.7611,,,,
SG-CHH-pyro-Q,6111.6679,,,,
SG-CHH-pyro-Q,6128.6944,,,,
SG-CHH-pyro-Q,6138.6788,,,,
SG-CHH-pyro-Q,6139.6628,,,,
SG-CHH-pyro-Q,6147.8094,,,,
SG-CHH-pyro-Q,6148.7934,,,,
SG-CHH-pyro-Q,6156.6893,,,,
SG-CHH-pyro-Q,6165.82,,,,
SG-CHH-pyro-Q,6240.7105,,,,
SG-CHH-pyro-Q,6257.737,,,,
SG-CHH-pyro-Q,6267.7214,,,,
SG-CHH-pyro-Q,6268.7054,,,,
SG-CHH-pyro-Q,6276.852,,,,
SG-CHH-pyro-Q,6277.836,,,,
SG-CHH-pyro-Q,6285.7319,,,,
SG-CHH-pyro-Q,6294.8626,,,,
SG-CHH-pyro-Q,6355.7374,,,,
SG-CHH-pyro-Q,6372.764,,,,
SG-CHH-pyro-Q,6382.7483,,,,
SG-CHH-pyro-Q,6383.7323,,,,
SG-CHH-pyro-Q,6389.9361,,,,
SG-CHH-pyro-Q,6390.9201,,,,
SG-CHH-pyro-Q,6400.7589,,,,
SG-CHH-pyro-Q,6407.9466,,,,
SG-CHH-pyro-Q,6468.8215,,,,
SG-CHH-pyro-Q,6485.848,,,,
SG-CHH-pyro-Q,6495.8324,,,,
SG-CHH-pyro-Q,6496.8164,,,,
SG-CHH-pyro-Q,6513.8429,,,,
SG-CHH-pyro-Q,6518.9786,,,,
SG-CHH-pyro-Q,6519.9627,,,,
SG-CHH-pyro-Q,6536.9892,,,,
SG-CHH-pyro-Q,6581.9055,,,,
SG-CHH-pyro-Q,6598.9321,,,,
SG-CHH-pyro-Q,6608.9164,,,,
SG-CHH-pyro-Q,6609.9005,,,,
SG-CHH-pyro-Q,6626.927,,,,
SG-CHH-pyro-Q,6633.0216,,,,
SG-CHH-pyro-Q,6634.0056,,,,
SG-CHH-pyro-Q,6651.0321,,,,
SG-CHH-pyro-Q,6694.9896,,,,
SG-CHH-pyro-Q,6712.0162,,,,
SG-CHH-pyro-Q,6722.0005,,,,
SG-CHH-pyro-Q,6722.9845,,,,
SG-CHH-pyro-Q,6740.0111,,,,
SG-CHH-pyro-Q,6780.09,,,,
SG-CHH-pyro-Q,6781.074,,,,
SG-CHH-pyro-Q,6798.1006,,,,
SG-CHH-pyro-Q,6826.0301,,,,
SG-CHH-pyro-Q,6843.0566,,,,
SG-CHH-pyro-Q,6853.041,,,,
SG-CHH-pyro-Q,6854.025,,,,
SG-CHH-pyro-Q,6871.0516,,,,
SG-CHH-pyro-Q,6893.1741,,,,
SG-CHH-pyro-Q,6894.1581,,,,
SG-CHH-pyro-Q,6911.1846,,,,
SG-CHH-pyro-Q,6941.057,,,,
SG-CHH-pyro-Q,6958.0836,,,,
SG-CHH-pyro-Q,6964.2112,,,,
SG-CHH-pyro-Q,6965.1952,,,,
SG-CHH-pyro-Q,6968.0679,,,,
SG-CHH-pyro-Q,6969.0519,,,,
SG-CHH-pyro-Q,6982.2217,,,,
SG-CHH-pyro-Q,6986.0785,,,,
SG-CHH-pyro-Q,7055.1,,,,
SG-CHH-pyro-Q,7072.1265,,,,
SG-CHH-pyro-Q,7082.1109,,,,
SG-CHH-pyro-Q,7083.0949,,,,
SG-CHH-pyro-Q,7100.1214,,,,
SG-CHH-pyro-Q,7120.3123,,,,
SG-CHH-pyro-Q,7121.2963,,,,
SG-CHH-pyro-Q,7138.3228,,,,
SG-CHH-pyro-Q,7202.1684,,,,
SG-CHH-pyro-Q,7219.1949,,,,
SG-CHH-pyro-Q,7229.1793,,,,
SG-CHH-pyro-Q,7230.1633,,,,
SG-CHH-pyro-Q,7235.3392,,,,
SG-CHH-pyro-Q,7236.3232,,,,
SG-CHH-pyro-Q,7247.1898,,,,
SG-CHH-pyro-Q,7253.3498,,,,
SG-CHH-pyro-Q,7331.211,,,,
SG-CHH-pyro-Q,7348.2375,,,,
SG-CHH-pyro-Q,7358.2219,,,,
SG-CHH-pyro-Q,7359.2059,,,,
SG-CHH-pyro-Q,7376.2324,,,,
SG-CHH-pyro-Q,7398.4025,,,,
SG-CHH-pyro-Q,7399.3866,,,,
SG-CHH-pyro-Q,7416.4131,,,,
SG-CHH-pyro-Q,7460.2536,,,,
SG-CHH-pyro-Q,7477.2801,,,,
SG-CHH-pyro-Q,7487.2645,,,,
SG-CHH-pyro-Q,7488.2485,,,,
SG-CHH-pyro-Q,7497.471,,,,
SG-CHH-pyro-Q,7498.455,,,,
SG-CHH-pyro-Q,7505.275,,,,
SG-CHH-pyro-Q,7515.4815,,,,
SG-CHH-pyro-Q,7554.4924,,,,
SG-CHH-pyro-Q,7555.4764,,,,
SG-CHH-pyro-Q,7572.503,,,,
SG-CHH-pyro-Q,7623.3169,,,,
SG-CHH-pyro-Q,7640.3434,,,,
SG-CHH-pyro-Q,7650.3278,,,,
SG-CHH-pyro-Q,7651.3118,,,,
SG-CHH-pyro-Q,7668.3384,,,,
SG-CHH-pyro-Q,7682.5874,,,,
SG-CHH-pyro-Q,7683.5714,,,,
SG-CHH-pyro-Q,7694.354,,,,
SG-CHH-pyro-Q,7700.598,,,,
SG-CHH-pyro-Q,7711.3806,,,,
SG-CHH-pyro-Q,7721.3649,,,,
SG-CHH-pyro-Q,7722.3489,,,,
SG-CHH-pyro-Q,7739.3755,,,,
SG-CHH-pyro-Q,7785.5966,,,,
SG-CHH-pyro-Q,7786.5806,,,,
SG-CHH-pyro-Q,7803.6071,,,,
SG-CHH-pyro-Q,7850.4551,,,,
SG-CHH-pyro-Q,7867.4817,,,,
SG-CHH-pyro-Q,7872.6286,,,,
SG-CHH-pyro-Q,7873.6126,,,,
SG-CHH-pyro-Q,7877.466,,,,
SG-CHH-pyro-Q,7878.45,,,,
SG-CHH-pyro-Q,7890.6392,,,,
SG-CHH-pyro-Q,7895.4766,,,,
SG-CHH-pyro-Q,7959.6606,,,,
SG-CHH-pyro-Q,7960.6446,,,,
SG-CHH-pyro-Q,7977.6712,,,,
SG-CHH-pyro-Q,7978.5501,,,,
SG-CHH-pyro-Q,7995.5766,,,,
SG-CHH-pyro-Q,8005.561,,,,
SG-CHH-pyro-Q,8006.545,,,,
SG-CHH-pyro-Q,8023.5715,,,,
SG-CHH-pyro-Q,8074.6876,,,,
SG-CHH-pyro-Q,8075.6716,,,,
SG-CHH-pyro-Q,8091.6341,,,,
SG-CHH-pyro-Q,8092.6981,,,,
SG-CHH-pyro-Q,8108.6607,,,,
SG-CHH-pyro-Q,8118.645,,,,
SG-CHH-pyro-Q,8119.6291,,,,
SG-CHH-pyro-Q,8136.6556,,,,
SG-CHH-pyro-Q,8219.6927,,,,
SG-CHH-pyro-Q,8236.7193,,,,
SG-CHH-pyro-Q,8237.7509,,,,
SG-CHH-pyro-Q,8238.7349,,,,
SG-CHH-pyro-Q,8246.7036,,,,
SG-CHH-pyro-Q,8247.6876,,,,
SG-CHH-pyro-Q,8255.7615,,,,
SG-CHH-pyro-Q,8264.7142,,,,
SG-CHH-pyro-Q,8282.7247,,,,
SG-CHH-pyro-Q,8318.7611,,,,
SG-CHH-pyro-Q,8335.7877,,,,
SG-CHH-pyro-Q,8345.772,,,,
SG-CHH-pyro-Q,8346.756,,,,
SG-CHH-pyro-Q,8350.835,,,,
SG-CHH-pyro-Q,8351.819,,,,
SG-CHH-pyro-Q,8363.7826,,,,
SG-CHH-pyro-Q,8368.8455,,,,
SG-CHH-pyro-Q,8381.7932,,,,
SG-CHH-pyro-Q,8461.867,,,,
SG-CHH-pyro-Q,8462.851,,,,
SG-CHH-pyro-Q,8479.8776,,,,
SG-CHH,214.155,,,,
SG-CHH,242.1499,,,,
SG-CHH,377.2183,,,,
SG-CHH,405.2132,,,,
SG-CHH,492.2453,,,,
SG-CHH,502.2296,,,,
SG-CHH,520.2402,,,,
SG-CHH,579.2773,,,,
SG-CHH,589.2617,,,,
SG-CHH,607.2722,,,,
SG-CHH,666.3093,,,,
SG-CHH,676.2937,,,,
SG-CHH,694.3042,,,,
SG-CHH,769.3185,,,,
SG-CHH,779.3029,,,,
SG-CHH,797.3134,,,,
SG-CHH,897.4135,,,,
SG-CHH,907.3978,,,,
SG-CHH,925.4084,,,,
SG-CHH,954.4349,,,,
SG-CHH,964.4193,,,,
SG-CHH,982.4299,,,,
SG-CHH,1053.5034,,,,
SG-CHH,1063.4877,,,,
SG-CHH,1081.4983,,,,
SG-CHH,1216.5667,,,,
SG-CHH,1226.551,,,,
SG-CHH,1244.5616,,,,
SG-CHH,1331.5936,,,,
SG-CHH,1341.578,,,,
SG-CHH,1359.5885,,,,
SG-CHH,1487.6947,,,,
SG-CHH,1497.6791,,,,
SG-CHH,1515.6897,,,,
SG-CHH,1558.7319,,,,
SG-CHH,1568.7162,,,,
SG-CHH,1586.7268,,,,
SG-CHH,1671.8159,,,,
SG-CHH,1681.8003,,,,
SG-CHH,1699.8108,,,,
SG-CHH,1818.8843,,,,
SG-CHH,1828.8687,,,,
SG-CHH,1846.8792,,,,
SG-CHH,1932.9273,,,,
SG-CHH,1942.9116,,,,
SG-CHH,1960.9222,,,,
SG-CHH,2061.9699,,,,
SG-CHH,2071.9542,,,,
SG-CHH,2089.9648,,,,
SG-CHH,2175.0539,,,,
SG-CHH,2185.0383,,,,
SG-CHH,2203.0488,,,,
SG-CHH,2304.0965,,,,
SG-CHH,2314.0809,,,,
SG-CHH,2332.0914,,,,
SG-CHH,2441.1554,,,,
SG-CHH,2451.1398,,,,
SG-CHH,2469.1503,,,,
SG-CHH,2540.2238,,,,
SG-CHH,2550.2082,,,,
SG-CHH,2568.2187,,,,
SG-CHH,2643.233,,,,
SG-CHH,2653.2174,,,,
SG-CHH,2671.2279,,,,
SG-CHH,2758.26,,,,
SG-CHH,2768.2443,,,,
SG-CHH,2786.2549,,,,
SG-CHH,2873.2869,,,,
SG-CHH,2883.2713,,,,
SG-CHH,2901.2818,,,,
SG-CHH,2976.2961,,,,
SG-CHH,2986.2804,,,,
SG-CHH,3004.291,,,,
SG-CHH,3139.3594,,,,
SG-CHH,3149.3438,,,,
SG-CHH,3167.3543,,,,
SG-CHH,3253.4023,,,,
SG-CHH,3263.3867,,,,
SG-CHH,3281.3973,,,,
SG-CHH,3366.4864,,,,
SG-CHH,3376.4708,,,,
SG-CHH,3394.4813,,,,
SG-CHH,3529.5497,,,,
SG-CHH,3539.5341,,,,
SG-CHH,3557.5447,,,,
SG-CHH,3685.6508,,,,
SG-CHH,3695.6352,,,,
SG-CHH,3713.6458,,,,
SG-CHH,3799.6938,,,,
SG-CHH,3809.6781,,,,
SG-CHH,3827.6887,,,,
SG-CHH,3886.7258,,,,
SG-CHH,3896.7102,,,,
SG-CHH,3914.7207,,,,
SG-CHH,4042.8269,,,,
SG-CHH,4052.8113,,,,
SG-CHH,4070.8218,,,,
SG-CHH,4141.8953,,,,
SG-CHH,4151.8797,,,,
SG-CHH,4169.8902,,,,
SG-CHH,4212.9324,,,,
SG-CHH,4222.9168,,,,
SG-CHH,4240.9274,,,,
SG-CHH,4299.9645,,,,
SG-CHH,4309.9488,,,,
SG-CHH,4327.9594,,,,
SG-CHH,4356.9859,,,,
SG-CHH,4366.9703,,,,
SG-CHH,4384.9809,,,,
SG-CHH,4459.9951,,,,
SG-CHH,4469.9795,,,,
SG-CHH,4487.99,,,,
SG-CHH,4616.0962,,,,
SG-CHH,4626.0806,,,,
SG-CHH,4644.0911,,,,
SG-CHH,4703.1283,,,,
SG-CHH,4713.1126,,,,
SG-CHH,4731.1232,,,,
SG-CHH,4817.1712,,,,
SG-CHH,4827.1555,,,,
SG-CHH,4845.1661,,,,
SG-CHH,4920.1804,,,,
SG-CHH,4930.1647,,,,
SG-CHH,4948.1753,,,,
SG-CHH,5083.2437,,,,
SG-CHH,5093.2281,,,,
SG-CHH,5111.2386,,,,
SG-CHH,5170.2757,,,,
SG-CHH,5180.2601,,,,
SG-CHH,5198.2706,,,,
SG-CHH,5284.3187,,,,
SG-CHH,5294.303,,,,
SG-CHH,5312.3136,,,,
SG-CHH,5415.3591,,,,
SG-CHH,5425.3435,,,,
SG-CHH,5443.3541,,,,
SG-CHH,5514.4276,,,,
SG-CHH,5524.4119,,,,
SG-CHH,5542.4225,,,,
SG-CHH,5627.5116,,,,
SG-CHH,5637.496,,,,
SG-CHH,5655.5065,,,,
SG-CHH,5783.6127,,,,
SG-CHH,5793.5971,,,,
SG-CHH,5811.6076,,,,
SG-CHH,5911.6713,,,,
SG-CHH,5921.6557,,,,
SG-CHH,5939.6662,,,,
SG-CHH,6014.6805,,,,
SG-CHH,6024.6648,,,,
SG-CHH,6042.6754,,,,
SG-CHH,6145.721,,,,
SG-CHH,6155.7053,,,,
SG-CHH,6173.7159,,,,
SG-CHH,6274.7636,,,,
SG-CHH,6284.7479,,,,
SG-CHH,6302.7585,,,,
SG-CHH,6389.7905,,,,
SG-CHH,6399.7749,,,,
SG-CHH,6417.7854,,,,
SG-CHH,6502.8746,,,,
SG-CHH,6512.8589,,,,
SG-CHH,6530.8695,,,,
SG-CHH,6615.9586,,,,
SG-CHH,6625.943,,,,
SG-CHH,6643.9536,,,,
SG-CHH,6729.0427,,,,
SG-CHH,6739.0271,,,,
SG-CHH,6757.0376,,,,
SG-CHH,6860.0832,,,,
SG-CHH,6870.0675,,,,
SG-CHH,6888.0781,,,,
SG-CHH,6975.1101,,,,
SG-CHH,6985.0945,,,,
SG-CHH,7003.105,,,,
SG-CHH,7089.1531,,,,
SG-CHH,7099.1374,,,,
SG-CHH,7117.148,,,,
SG-CHH,7236.2215,,,,
SG-CHH,7246.2058,,,,
SG-CHH,7264.2164,,,,
SG-CHH,7365.2641,,,,
SG-CHH,7375.2484,,,,
SG-CHH,7393.259,,,,
SG-CHH,7494.3067,,,,
SG-CHH,7504.291,,,,
SG-CHH,7522.3016,,,,
SG-CHH,7657.37,,,,
SG-CHH,7667.3543,,,,
SG-CHH,7685.3649,,,,
SG-CHH,7728.4071,,,,
SG-CHH,7738.3915,,,,
SG-CHH,7756.402,,,,
SG-CHH,7884.5082,,,,
SG-CHH,7894.4926,,,,
SG-CHH,7912.5031,,,,
SG-CHH,8012.6032,,,,
SG-CHH,8022.5875,,,,
SG-CHH,8040.5981,,,,
SG-CHH,8125.6872,,,,
SG-CHH,8135.6716,,,,
SG-CHH,8153.6822,,,,
SG-CHH,8253.7458,,,,
SG-CHH,8263.7302,,,,
SG-CHH,8281.7407,,,,
SG-CHH,8299.7513,,,,
SG-CHH,8352.8142,,,,
SG-CHH,8362.7986,,,,
SG-CHH,8380.8091,,,,
SG-CHH,8398.8197,,,,
SG-CHH,8478.8935,,,,
SG-CHH,8496.9041,,,,
PO-CHH,76.0393,,,,
PO-CHH,215.1139,,,,
PO-CHH,232.1404,,,,
PO-CHH,328.1979,,,,
PO-CHH,345.2245,,,,
PO-CHH,399.235,,,,
PO-CHH,416.2616,,,,
PO-CHH,513.278,,,,
PO-CHH,514.262,,,,
PO-CHH,531.2885,,,,
PO-CHH,669.3791,,,,
PO-CHH,670.3631,,,,
PO-CHH,687.3896,,,,
PO-CHH,768.4475,,,,
PO-CHH,769.4315,,,,
PO-CHH,786.4581,,,,
PO-CHH,881.5316,,,,
PO-CHH,882.5156,,,,
PO-CHH,899.5421,,,,
PO-CHH,994.6156,,,,
PO-CHH,995.5996,,,,
PO-CHH,1012.6262,,,,
PO-CHH,1125.6561,,,,
PO-CHH,1126.6401,,,,
PO-CHH,1143.6667,,,,
PO-CHH,1240.6831,,,,
PO-CHH,1241.6671,,,,
PO-CHH,1258.6936,,,,
PO-CHH,1369.7256,,,,
PO-CHH,1370.7097,,,,
PO-CHH,1387.7362,,,,
PO-CHH,1466.7784,,,,
PO-CHH,1467.7624,,,,
PO-CHH,1484.789,,,,
PO-CHH,1629.8417,,,,
PO-CHH,1630.8258,,,,
PO-CHH,1647.8523,,,,
PO-CHH,1776.9102,,,,
PO-CHH,1777.8942,,,,
PO-CHH,1794.9207,,,,
PO-CHH,1889.9942,,,,
PO-CHH,1890.9782,,,,
PO-CHH,1908.0048,,,,
PO-CHH,2019.0368,,,,
PO-CHH,2020.0208,,,,
PO-CHH,2037.0474,,,,
PO-CHH,2147.0954,,,,
PO-CHH,2148.0794,,,,
PO-CHH,2165.106,,,,
PO-CHH,2246.1638,,,,
PO-CHH,2247.1478,,,,
PO-CHH,2264.1744,,,,
PO-CHH,2349.173,,,,
PO-CHH,2350.157,,,,
PO-CHH,2367.1835,,,,
PO-CHH,2450.2207,,,,
PO-CHH,2451.2047,,,,
PO-CHH,2468.2312,,,,
PO-CHH,2579.2633,,,,
PO-CHH,2580.2473,,,,
PO-CHH,2597.2738,,,,
PO-CHH,2726.3317,,,,
PO-CHH,2727.3157,,,,
PO-CHH,2744.3422,,,,
PO-CHH,2857.3722,,,,
PO-CHH,2858.3562,,,,
PO-CHH,2875.3827,,,,
PO-CHH,2988.4126,,,,
PO-CHH,2989.3967,,,,
PO-CHH,3006.4232,,,,
PO-CHH,3102.4556,,,,
PO-CHH,3103.4396,,,,
PO-CHH,3120.4661,,,,
PO-CHH,3217.4825,,,,
PO-CHH,3218.4665,,,,
PO-CHH,3235.4931,,,,
PO-CHH,3364.5509,,,,
PO-CHH,3365.5349,,,,
PO-CHH,3382.5615,,,,
PO-CHH,3467.5601,,,,
PO-CHH,3468.5441,,,,
PO-CHH,3485.5707,,,,
PO-CHH,3581.603,,,,
PO-CHH,3582.5871,,,,
PO-CHH,3599.6136,,,,
PO-CHH,3710.6456,,,,
PO-CHH,3711.6296,,,,
PO-CHH,3728.6562,,,,
PO-CHH,3866.7467,,,,
PO-CHH,3867.7308,,,,
PO-CHH,3884.7573,,,,
PO-CHH,3969.7559,,,,
PO-CHH,3970.7399,,,,
PO-CHH,3987.7665,,,,
PO-CHH,4026.7774,,,,
PO-CHH,4027.7614,,,,
PO-CHH,4044.788,,,,
PO-CHH,4113.8094,,,,
PO-CHH,4114.7934,,,,
PO-CHH,4131.82,,,,
PO-CHH,4184.8465,,,,
PO-CHH,4185.8305,,,,
PO-CHH,4202.8571,,,,
PO-CHH,4283.9149,,,,
PO-CHH,4284.899,,,,
PO-CHH,4301.9255,,,,
PO-CHH,4440.0161,,,,
PO-CHH,4441.0001,,,,
PO-CHH,4458.0266,,,,
PO-CHH,4527.0481,,,,
PO-CHH,4528.0321,,,,
PO-CHH,4545.0586,,,,
PO-CHH,4641.091,,,,
PO-CHH,4642.075,,,,
PO-CHH,4659.1016,,,,
PO-CHH,4728.1123,,,,
PO-CHH,4745.1388,,,,
PO-CHH,4755.1232,,,,
PO-CHH,4756.1072,,,,
PO-CHH,4773.1337,,,,
PO-CHH,4797.1921,,,,
PO-CHH,4798.1761,,,,
PO-CHH,4815.2027,,,,
PO-CHH,4842.1552,,,,
PO-CHH,4859.1818,,,,
PO-CHH,4869.1661,,,,
PO-CHH,4870.1501,,,,
PO-CHH,4887.1767,,,,
PO-CHH,4945.1644,,,,
PO-CHH,4960.2555,,,,
PO-CHH,4961.2395,,,,
PO-CHH,4962.1909,,,,
PO-CHH,4972.1753,,,,
PO-CHH,4973.1593,,,,
PO-CHH,4978.266,,,,
PO-CHH,4990.1859,,,,
PO-CHH,5073.3395,,,,
PO-CHH,5074.3235,,,,
PO-CHH,5091.3501,,,,
PO-CHH,5092.2328,,,,
PO-CHH,5109.2594,,,,
PO-CHH,5119.2437,,,,
PO-CHH,5120.2277,,,,
PO-CHH,5137.2543,,,,
PO-CHH,5187.3824,,,,
PO-CHH,5188.3665,,,,
PO-CHH,5205.393,,,,
PO-CHH,5207.2597,,,,
PO-CHH,5224.2863,,,,
PO-CHH,5234.2706,,,,
PO-CHH,5235.2547,,,,
PO-CHH,5252.2812,,,,
PO-CHH,5321.3027,,,,
PO-CHH,5338.3292,,,,
PO-CHH,5348.3136,,,,
PO-CHH,5349.2976,,,,
PO-CHH,5350.4458,,,,
PO-CHH,5351.4298,,,,
PO-CHH,5366.3241,,,,
PO-CHH,5368.4563,,,,
PO-CHH,5452.3432,,,,
PO-CHH,5453.455,,,,
PO-CHH,5454.439,,,,
PO-CHH,5469.3697,,,,
PO-CHH,5471.4655,,,,
PO-CHH,5479.3541,,,,
PO-CHH,5480.3381,,,,
PO-CHH,5497.3646,,,,
PO-CHH,5568.4819,,,,
PO-CHH,5569.4659,,,,
PO-CHH,5583.3836,,,,
PO-CHH,5586.4925,,,,
PO-CHH,5600.4102,,,,
PO-CHH,5610.3945,,,,
PO-CHH,5611.3786,,,,
PO-CHH,5628.4051,,,,
PO-CHH,5683.5088,,,,
PO-CHH,5684.4929,,,,
PO-CHH,5701.5194,,,,
PO-CHH,5730.4521,,,,
PO-CHH,5747.4786,,,,
PO-CHH,5757.463,,,,
PO-CHH,5758.447,,,,
PO-CHH,5775.4735,,,,
PO-CHH,5786.518,,,,
PO-CHH,5787.502,,,,
PO-CHH,5804.5286,,,,
PO-CHH,5859.4946,,,,
PO-CHH,5876.5212,,,,
PO-CHH,5885.5864,,,,
PO-CHH,5886.5055,,,,
PO-CHH,5886.5705,,,,
PO-CHH,5887.4896,,,,
PO-CHH,5903.597,,,,
PO-CHH,5904.5161,,,,
PO-CHH,5960.5423,,,,
PO-CHH,5977.5689,,,,
PO-CHH,5987.5532,,,,
PO-CHH,5988.5372,,,,
PO-CHH,6005.5638,,,,
PO-CHH,6022.6454,,,,
PO-CHH,6023.6294,,,,
PO-CHH,6040.6559,,,,
PO-CHH,6063.5515,,,,
PO-CHH,6080.5781,,,,
PO-CHH,6090.5624,,,,
PO-CHH,6091.5464,,,,
PO-CHH,6108.573,,,,
PO-CHH,6151.6879,,,,
PO-CHH,6152.672,,,,
PO-CHH,6162.6199,,,,
PO-CHH,6169.6985,,,,
PO-CHH,6179.6465,,,,
PO-CHH,6189.6308,,,,
PO-CHH,6190.6148,,,,
PO-CHH,6207.6414,,,,
PO-CHH,6264.772,,,,
PO-CHH,6265.756,,,,
PO-CHH,6282.7826,,,,
PO-CHH,6290.6785,,,,
PO-CHH,6307.7051,,,,
PO-CHH,6317.6894,,,,
PO-CHH,6318.6734,,,,
PO-CHH,6335.7,,,,
PO-CHH,6393.8146,,,,
PO-CHH,6394.7986,,,,
PO-CHH,6411.8252,,,,
PO-CHH,6419.7211,,,,
PO-CHH,6436.7476,,,,
PO-CHH,6446.732,,,,
PO-CHH,6447.716,,,,
PO-CHH,6464.7426,,,,
PO-CHH,6507.8575,,,,
PO-CHH,6508.8415,,,,
PO-CHH,6525.8681,,,,
PO-CHH,6532.8052,,,,
PO-CHH,6549.8317,,,,
PO-CHH,6559.8161,,,,
PO-CHH,6560.8001,,,,
PO-CHH,6577.8266,,,,
PO-CHH,6654.9259,,,,
PO-CHH,6655.91,,,,
PO-CHH,6672.9365,,,,
PO-CHH,6679.8736,,,,
PO-CHH,6696.9001,,,,
PO-CHH,6706.8845,,,,
PO-CHH,6707.8685,,,,
PO-CHH,6724.895,,,,
PO-CHH,6768.01,,,,
PO-CHH,6768.994,,,,
PO-CHH,6786.0206,,,,
PO-CHH,6839.0471,,,,
PO-CHH,6840.0311,,,,
PO-CHH,6842.9369,,,,
PO-CHH,6857.0577,,,,
PO-CHH,6859.9635,,,,
PO-CHH,6869.9478,,,,
PO-CHH,6870.9318,,,,
PO-CHH,6887.9584,,,,
PO-CHH,6939.9897,,,,
PO-CHH,6957.0162,,,,
PO-CHH,6967.0006,,,,
PO-CHH,6967.9846,,,,
PO-CHH,6985.0111,,,,
PO-CHH,6995.1482,,,,
PO-CHH,6996.1322,,,,
PO-CHH,7013.1588,,,,
PO-CHH,7069.0323,,,,
PO-CHH,7086.0588,,,,
PO-CHH,7096.0432,,,,
PO-CHH,7097.0272,,,,
PO-CHH,7110.1752,,,,
PO-CHH,7111.1592,,,,
PO-CHH,7114.0537,,,,
PO-CHH,7128.1857,,,,
PO-CHH,7184.0592,,,,
PO-CHH,7201.0858,,,,
PO-CHH,7211.0701,,,,
PO-CHH,7212.0541,,,,
PO-CHH,7229.0807,,,,
PO-CHH,7273.2385,,,,
PO-CHH,7274.2225,,,,
PO-CHH,7291.2491,,,,
PO-CHH,7315.0997,,,,
PO-CHH,7332.1262,,,,
PO-CHH,7342.1106,,,,
PO-CHH,7343.0946,,,,
PO-CHH,7360.1211,,,,
PO-CHH,7372.3069,,,,
PO-CHH,7373.2909,,,,
PO-CHH,7390.3175,,,,
PO-CHH,7428.1838,,,,
PO-CHH,7429.3284,,,,
PO-CHH,7430.3124,,,,
PO-CHH,7445.2103,,,,
PO-CHH,7447.3389,,,,
PO-CHH,7455.1946,,,,
PO-CHH,7456.1787,,,,
PO-CHH,7473.2052,,,,
PO-CHH,7541.2678,,,,
PO-CHH,7557.4233,,,,
PO-CHH,7558.2944,,,,
PO-CHH,7558.4074,,,,
PO-CHH,7568.2787,,,,
PO-CHH,7569.2627,,,,
PO-CHH,7575.4339,,,,
PO-CHH,7586.2893,,,,
PO-CHH,7640.3362,,,,
PO-CHH,7657.3628,,,,
PO-CHH,7660.4325,,,,
PO-CHH,7661.4165,,,,
PO-CHH,7667.3471,,,,
PO-CHH,7668.3311,,,,
PO-CHH,7678.4431,,,,
PO-CHH,7685.3577,,,,
PO-CHH,7747.4646,,,,
PO-CHH,7748.4486,,,,
PO-CHH,7765.4751,,,,
PO-CHH,7796.4373,,,,
PO-CHH,7813.4639,,,,
PO-CHH,7823.4482,,,,
PO-CHH,7824.4323,,,,
PO-CHH,7834.4966,,,,
PO-CHH,7835.4806,,,,
PO-CHH,7841.4588,,,,
PO-CHH,7852.5072,,,,
PO-CHH,7911.4643,,,,
PO-CHH,7928.4908,,,,
PO-CHH,7938.4752,,,,
PO-CHH,7939.4592,,,,
PO-CHH,7949.5235,,,,
PO-CHH,7950.5075,,,,
PO-CHH,7956.4857,,,,
PO-CHH,7967.5341,,,,
PO-CHH,7982.5014,,,,
PO-CHH,7999.5279,,,,
PO-CHH,8009.5123,,,,
PO-CHH,8010.4963,,,,
PO-CHH,8027.5229,,,,
PO-CHH,8095.5855,,,,
PO-CHH,8112.5869,,,,
PO-CHH,8112.612,,,,
PO-CHH,8113.5709,,,,
PO-CHH,8122.5964,,,,
PO-CHH,8123.5804,,,,
PO-CHH,8130.5974,,,,
PO-CHH,8140.6069,,,,
PO-CHH,8158.6175,,,,
PO-CHH,8225.6709,,,,
PO-CHH,8226.6549,,,,
PO-CHH,8243.6815,,,,
PO-CHH,8251.6866,,,,
PO-CHH,8268.7131,,,,
PO-CHH,8278.6975,,,,
PO-CHH,8279.6815,,,,
PO-CHH,8296.708,,,,
PO-CHH,8314.7186,,,,
PO-CHH,8353.7295,,,,
PO-CHH,8354.7135,,,,
PO-CHH,8371.7401,,,,
PO-CHH-pyro-Q,4711.0857,,,,
PO-CHH-pyro-Q,4738.0966,,,,
PO-CHH-pyro-Q,4739.0806,,,,
PO-CHH-pyro-Q,4825.1287,,,,
PO-CHH-pyro-Q,4852.1396,,,,
PO-CHH-pyro-Q,4853.1236,,,,
PO-CHH-pyro-Q,4928.1378,,,,
PO-CHH-pyro-Q,4955.1487,,,,
PO-CHH-pyro-Q,4956.1328,,,,
PO-CHH-pyro-Q,5075.2063,,,,
PO-CHH-pyro-Q,5102.2172,,,,
PO-CHH-pyro-Q,5103.2012,,,,
PO-CHH-pyro-Q,5190.2332,,,,
PO-CHH-pyro-Q,5217.2441,,,,
PO-CHH-pyro-Q,5218.2281,,,,
PO-CHH-pyro-Q,5304.2761,,,,
PO-CHH-pyro-Q,5331.287,,,,
PO-CHH-pyro-Q,5332.271,,,,
PO-CHH-pyro-Q,5435.3166,,,,
PO-CHH-pyro-Q,5462.3275,,,,
PO-CHH-pyro-Q,5463.3115,,,,
PO-CHH-pyro-Q,5566.3571,,,,
PO-CHH-pyro-Q,5593.368,,,,
PO-CHH-pyro-Q,5594.352,,,,
PO-CHH-pyro-Q,5713.4255,,,,
PO-CHH-pyro-Q,5740.4364,,,,
PO-CHH-pyro-Q,5741.4204,,,,
PO-CHH-pyro-Q,5842.4681,,,,
PO-CHH-pyro-Q,5869.479,,,,
PO-CHH-pyro-Q,5870.463,,,,
PO-CHH-pyro-Q,5943.5158,,,,
PO-CHH-pyro-Q,5970.5267,,,,
PO-CHH-pyro-Q,5971.5107,,,,
PO-CHH-pyro-Q,6046.525,,,,
PO-CHH-pyro-Q,6073.5359,,,,
PO-CHH-pyro-Q,6074.5199,,,,
PO-CHH-pyro-Q,6145.5934,,,,
PO-CHH-pyro-Q,6172.6043,,,,
PO-CHH-pyro-Q,6173.5883,,,,
PO-CHH-pyro-Q,6273.652,,,,
PO-CHH-pyro-Q,6300.6629,,,,
PO-CHH-pyro-Q,6301.6469,,,,
PO-CHH-pyro-Q,6402.6945,,,,
PO-CHH-pyro-Q,6429.7054,,,,
PO-CHH-pyro-Q,6430.6895,,,,
PO-CHH-pyro-Q,6515.7786,,,,
PO-CHH-pyro-Q,6542.7895,,,,
PO-CHH-pyro-Q,6543.7735,,,,
PO-CHH-pyro-Q,6662.847,,,,
PO-CHH-pyro-Q,6689.8579,,,,
PO-CHH-pyro-Q,6690.8419,,,,
PO-CHH-pyro-Q,6825.9104,,,,
PO-CHH-pyro-Q,6852.9213,,,,
PO-CHH-pyro-Q,6853.9053,,,,
PO-CHH-pyro-Q,6922.9631,,,,
PO-CHH-pyro-Q,6949.974,,,,
PO-CHH-pyro-Q,6950.958,,,,
PO-CHH-pyro-Q,7052.0057,,,,
PO-CHH-pyro-Q,7079.0166,,,,
PO-CHH-pyro-Q,7080.0006,,,,
PO-CHH-pyro-Q,7167.0327,,,,
PO-CHH-pyro-Q,7194.0436,,,,
PO-CHH-pyro-Q,7195.0276,,,,
PO-CHH-pyro-Q,7298.0731,,,,
PO-CHH-pyro-Q,7325.084,,,,
PO-CHH-pyro-Q,7326.0681,,,,
PO-CHH-pyro-Q,7411.1572,,,,
PO-CHH-pyro-Q,7438.1681,,,,
PO-CHH-pyro-Q,7439.1521,,,,
PO-CHH-pyro-Q,7524.2413,,,,
PO-CHH-pyro-Q,7551.2522,,,,
PO-CHH-pyro-Q,7552.2362,,,,
PO-CHH-pyro-Q,7623.3097,,,,
PO-CHH-pyro-Q,7650.3206,,,,
PO-CHH-pyro-Q,7651.3046,,,,
PO-CHH-pyro-Q,7779.4108,,,,
PO-CHH-pyro-Q,7806.4217,,,,
PO-CHH-pyro-Q,7807.4057,,,,
PO-CHH-pyro-Q,7894.4377,,,,
PO-CHH-pyro-Q,7921.4486,,,,
PO-CHH-pyro-Q,7922.4326,,,,
PO-CHH-pyro-Q,7965.4748,,,,
PO-CHH-pyro-Q,7992.4857,,,,
PO-CHH-pyro-Q,7993.4698,,,,
PO-CHH-pyro-Q,8078.5589,,,,
PO-CHH-pyro-Q,8105.5698,,,,
PO-CHH-pyro-Q,8106.5538,,,,
PO-CHH-pyro-Q,8141.5909,,,,
PO-CHH-pyro-Q,8234.66,,,,
PO-CHH-pyro-Q,8261.6709,,,,
PO-CHH-pyro-Q,8262.6549,,,,
PO-CHH-pyro-Q,8297.6921,,,,
PO-CHH-pyro-Q,8336.7029,,,,
PO-CHH-pyro-Q,8337.687,,,,
